iter	MultiClass
0	1.754326244
1	1.715233815
2	1.700858449
