iter	MultiClass
0	1.766084716
1	1.73908212
2	1.712750871
3	1.689269669
4	1.661737024
5	1.638861545
6	1.614518183
7	1.597532044
8	1.575904527
9	1.555295229
10	1.5336191
11	1.515944668
12	1.49696705
13	1.479207566
14	1.463126942
15	1.447556053
16	1.427494846
17	1.411088578
18	1.392270315
19	1.373202884
20	1.357932318
21	1.341220068
22	1.32709519
23	1.312120063
24	1.300228831
25	1.286440263
26	1.269402315
27	1.255381534
28	1.243465034
29	1.228811383
30	1.214598244
