iter	MultiClass
0	1.764542394
1	1.738167753
2	1.710812432
3	1.687460636
4	1.659862555
5	1.635683253
6	1.613552094
7	1.592418621
8	1.57296235
9	1.553330835
